{"mean":{"confidence_interval":{"confidence_level":0.99,"lower_bound":43364877.106474996,"upper_bound":43897323.277724996},"point_estimate":43623990.42,"standard_error":104166.97600961915},"median":{"confidence_interval":{"confidence_level":0.99,"lower_bound":43213104.0,"upper_bound":43883875.0},"point_estimate":43447948.0,"standard_error":118543.87619788086},"median_abs_dev":{"confidence_interval":{"confidence_level":0.99,"lower_bound":675880.2630007267,"upper_bound":1435975.1697063446},"point_estimate":1004971.125908196,"standard_error":145169.58254708172},"slope":null,"std_dev":{"confidence_interval":{"confidence_level":0.99,"lower_bound":846942.0636833675,"upper_bound":1246353.6160855382},"point_estimate":1051745.4566645243,"standard_error":78375.90245788093}}