{"mean":{"confidence_interval":{"confidence_level":0.99,"lower_bound":136878.59610605377,"upper_bound":138652.28909339095},"point_estimate":137687.7429993482,"standard_error":345.52170843686883},"median":{"confidence_interval":{"confidence_level":0.99,"lower_bound":136263.50308641975,"upper_bound":137416.94078947368},"point_estimate":136924.9559397163,"standard_error":267.83476602733185},"median_abs_dev":{"confidence_interval":{"confidence_level":0.99,"lower_bound":1192.296792941851,"upper_bound":2714.801058835002},"point_estimate":1839.439706066826,"standard_error":297.1828722401449},"slope":{"confidence_interval":{"confidence_level":0.99,"lower_bound":136715.0817756913,"upper_bound":138310.2830781409},"point_estimate":137462.94935569676,"standard_error":311.3147121260961},"std_dev":{"confidence_interval":{"confidence_level":0.99,"lower_bound":2115.6663904689553,"upper_bound":4847.428600980883},"point_estimate":3464.1271911770555,"standard_error":560.0480589272498}}