{"mean":{"confidence_interval":{"confidence_level":0.99,"lower_bound":6043201.002927779,"upper_bound":6092642.338472223},"point_estimate":6066547.6400000015,"standard_error":9598.918309900242},"median":{"confidence_interval":{"confidence_level":0.99,"lower_bound":6018587.888888889,"upper_bound":6082166.666666667},"point_estimate":6049213.0,"standard_error":12709.543446448139},"median_abs_dev":{"confidence_interval":{"confidence_level":0.99,"lower_bound":60501.692625880474,"upper_bound":110659.61470206594},"point_estimate":90242.97756453347,"standard_error":10522.373714258649},"slope":null,"std_dev":{"confidence_interval":{"confidence_level":0.99,"lower_bound":69821.08925502734,"upper_bound":121001.94897315065},"point_estimate":96403.14281877225,"standard_error":10124.53938926514}}