{"mean":{"confidence_interval":{"confidence_level":0.99,"lower_bound":10998286.838,"upper_bound":11088348.746},"point_estimate":11041966.336,"standard_error":17604.219996406595},"median":{"confidence_interval":{"confidence_level":0.99,"lower_bound":10954675.0,"upper_bound":11069900.0},"point_estimate":10995070.8,"standard_error":18566.287398945828},"median_abs_dev":{"confidence_interval":{"confidence_level":0.99,"lower_bound":111775.58417558615,"upper_bound":216249.8838733972},"point_estimate":166613.25070202432,"standard_error":20030.709565731566},"slope":null,"std_dev":{"confidence_interval":{"confidence_level":0.99,"lower_bound":139857.4103368611,"upper_bound":207677.54452063065},"point_estimate":176443.9474893353,"standard_error":13251.44108290918}}