{"mean":{"confidence_interval":{"confidence_level":0.99,"lower_bound":11188381.929999996,"upper_bound":11276441.527849998},"point_estimate":11230056.344,"standard_error":17164.965681246176},"median":{"confidence_interval":{"confidence_level":0.99,"lower_bound":11151966.6,"upper_bound":11242783.2},"point_estimate":11198741.7,"standard_error":14563.829060850252},"median_abs_dev":{"confidence_interval":{"confidence_level":0.99,"lower_bound":112461.58318340889,"upper_bound":200052.19969086468},"point_estimate":154443.6253380759,"standard_error":17012.704531915017},"slope":null,"std_dev":{"confidence_interval":{"confidence_level":0.99,"lower_bound":125142.50180199652,"upper_bound":222376.54243001298},"point_estimate":172094.4003885654,"standard_error":19459.58927562049}}