{"mean":{"confidence_interval":{"confidence_level":0.99,"lower_bound":3100801.3982352936,"upper_bound":3128323.16717353},"point_estimate":3114361.1058823513,"standard_error":5356.384086114124},"median":{"confidence_interval":{"confidence_level":0.99,"lower_bound":3091220.588235294,"upper_bound":3118843.117647059},"point_estimate":3107052.705882353,"standard_error":5767.417578974233},"median_abs_dev":{"confidence_interval":{"confidence_level":0.99,"lower_bound":29939.1005978866,"upper_bound":89726.38353056832},"point_estimate":55646.51202384161,"standard_error":14037.255719419596},"slope":null,"std_dev":{"confidence_interval":{"confidence_level":0.99,"lower_bound":45926.65390825111,"upper_bound":61219.112985643165},"point_estimate":53964.73032632682,"standard_error":2972.1564213667416}}