{"mean":{"confidence_interval":{"confidence_level":0.99,"lower_bound":2070730.8836000005,"upper_bound":2105343.1927800016},"point_estimate":2086689.8184,"standard_error":6761.039598551046},"median":{"confidence_interval":{"confidence_level":0.99,"lower_bound":2053151.68,"upper_bound":2077356.68},"point_estimate":2061190.8399999999,"standard_error":5139.470684501933},"median_abs_dev":{"confidence_interval":{"confidence_level":0.99,"lower_bound":20960.25712788105,"upper_bound":53834.3911242484},"point_estimate":31520.0754404068,"standard_error":5900.272329536243},"slope":null,"std_dev":{"confidence_interval":{"confidence_level":0.99,"lower_bound":44065.20731692677,"upper_bound":96150.7239371313},"point_estimate":68070.39412790332,"standard_error":10905.46927093338}}