{"mean":{"confidence_interval":{"confidence_level":0.99,"lower_bound":2042911.1294900004,"upper_bound":2062557.125102},"point_estimate":2051896.5163999996,"standard_error":3826.3402600172603},"median":{"confidence_interval":{"confidence_level":0.99,"lower_bound":2034755.0,"upper_bound":2048029.1600000001},"point_estimate":2039481.6800000002,"standard_error":2631.4158309244954},"median_abs_dev":{"confidence_interval":{"confidence_level":0.99,"lower_bound":13454.55310007408,"upper_bound":30027.601350903464},"point_estimate":21757.154613733463,"standard_error":3339.511889041551},"slope":null,"std_dev":{"confidence_interval":{"confidence_level":0.99,"lower_bound":25155.595299589262,"upper_bound":49116.06728140876},"point_estimate":38333.220959022474,"standard_error":4709.2675484884}}