{"mean":{"confidence_interval":{"confidence_level":0.99,"lower_bound":32267629.182749998,"upper_bound":32512432.32},"point_estimate":32387316.26,"standard_error":47574.74238088267},"median":{"confidence_interval":{"confidence_level":0.99,"lower_bound":32184521.0,"upper_bound":32486739.5},"point_estimate":32345271.0,"standard_error":48737.078687800255},"median_abs_dev":{"confidence_interval":{"confidence_level":0.99,"lower_bound":334450.8324623108,"upper_bound":696358.6751371622},"point_estimate":527960.1516768336,"standard_error":69897.95613703894},"slope":null,"std_dev":{"confidence_interval":{"confidence_level":0.99,"lower_bound":395696.67653847224,"upper_bound":559790.5118990099},"point_estimate":479601.3991321518,"standard_error":31768.032363366427}}