{"mean":{"confidence_interval":{"confidence_level":0.99,"lower_bound":21568132.337483346,"upper_bound":21745246.515000004},"point_estimate":21651391.95666667,"standard_error":34233.80564612833},"median":{"confidence_interval":{"confidence_level":0.99,"lower_bound":21503347.166666664,"upper_bound":21710055.5},"point_estimate":21640729.166666668,"standard_error":39857.43301586363},"median_abs_dev":{"confidence_interval":{"confidence_level":0.99,"lower_bound":239296.08355164528,"upper_bound":408466.670948267},"point_estimate":349800.93128979206,"standard_error":33683.563814283676},"slope":null,"std_dev":{"confidence_interval":{"confidence_level":0.99,"lower_bound":249640.18550115186,"upper_bound":454289.84795752726},"point_estimate":342134.12479178177,"standard_error":42397.72584945847}}