{"mean":{"confidence_interval":{"confidence_level":0.99,"lower_bound":6159368.121577776,"upper_bound":6223163.097777776},"point_estimate":6189842.081111109,"standard_error":12496.718018153348},"median":{"confidence_interval":{"confidence_level":0.99,"lower_bound":6120884.222222222,"upper_bound":6197592.555555556},"point_estimate":6148171.277777778,"standard_error":13482.620122420123},"median_abs_dev":{"confidence_interval":{"confidence_level":0.99,"lower_bound":61826.47806902742,"upper_bound":135221.93083266495},"point_estimate":92923.35358361411,"standard_error":11490.747411195229},"slope":null,"std_dev":{"confidence_interval":{"confidence_level":0.99,"lower_bound":94097.12419300312,"upper_bound":153599.27684056511},"point_estimate":126280.46541591173,"standard_error":11621.128071871535}}