{"mean":{"confidence_interval":{"confidence_level":0.99,"lower_bound":2348597.403170455,"upper_bound":2371108.48628409},"point_estimate":2359600.8313636365,"standard_error":4377.676287505705},"median":{"confidence_interval":{"confidence_level":0.99,"lower_bound":2333497.159090909,"upper_bound":2377566.272727273},"point_estimate":2346730.1136363633,"standard_error":8530.307700465133},"median_abs_dev":{"confidence_interval":{"confidence_level":0.99,"lower_bound":28123.080549556395,"upper_bound":63294.22403830288},"point_estimate":47054.31992370946,"standard_error":7448.942238757991},"slope":null,"std_dev":{"confidence_interval":{"confidence_level":0.99,"lower_bound":37120.5912130427,"upper_bound":50158.10177397952},"point_estimate":43883.995317904584,"standard_error":2540.955508259065}}