{"mean":{"confidence_interval":{"confidence_level":0.99,"lower_bound":31955613.6916,"upper_bound":32238599.442325003},"point_estimate":32095161.055,"standard_error":54905.21902765676},"median":{"confidence_interval":{"confidence_level":0.99,"lower_bound":31882000.25,"upper_bound":32277052.0},"point_estimate":32099458.25,"standard_error":76982.01860263226},"median_abs_dev":{"confidence_interval":{"confidence_level":0.99,"lower_bound":422386.43145114183,"upper_bound":729500.7149487734},"point_estimate":603819.6032300591,"standard_error":58663.59572184689},"slope":null,"std_dev":{"confidence_interval":{"confidence_level":0.99,"lower_bound":448204.16691764496,"upper_bound":653216.3176133701},"point_estimate":552048.5832749215,"standard_error":40545.594801704174}}