{"mean":{"confidence_interval":{"confidence_level":0.99,"lower_bound":43484849.673425004,"upper_bound":44312890.58295},"point_estimate":43786778.125,"standard_error":165392.26796120804},"median":{"confidence_interval":{"confidence_level":0.99,"lower_bound":43421708.5,"upper_bound":43705021.0},"point_estimate":43578291.75,"standard_error":51614.25445728277},"median_abs_dev":{"confidence_interval":{"confidence_level":0.99,"lower_bound":393985.7463553548,"upper_bound":770550.2017199993},"point_estimate":603711.3734319806,"standard_error":69891.00340884384},"slope":null,"std_dev":{"confidence_interval":{"confidence_level":0.99,"lower_bound":554103.8591842642,"upper_bound":3053479.750680859},"point_estimate":1661812.5593305991,"standard_error":684613.7209413531}}